{
  "project_info": {
    "project_number": "1073772316796",
    "project_id": "tinder-1bbbe",
    "storage_bucket": "tinder-1bbbe.appspot.com"
  },
  "client": [
    {
      "client_info": {
        "mobilesdk_app_id": "1:1073772316796:android:2437cb16d646a21c0ee1f9",
        "android_client_info": {
          "package_name": "com.example.tinder"
        }
      },
      "oauth_client": [
        {
          "client_id": "1073772316796-288eiql6d0g12tri0lnm56rrl1e96rti.apps.googleusercontent.com",
          "client_type": 1,
          "android_info": {
            "package_name": "com.example.tinder",
            "certificate_hash": "d171cafe5455808fe58fdf02b626db1908d297cf"
          }
        },
        {
          "client_id": "1073772316796-mnn9d0epkpfunm7rc5tp8gi21lr6si92.apps.googleusercontent.com",
          "client_type": 3
        }
      ],
      "api_key": [
        {
          "current_key": "AIzaSyDzjDLiUXMYVA4B5DGPsiNnh2k-WpzqJ6s"
        }
      ],
      "services": {
        "appinvite_service": {
          "other_platform_oauth_client": [
            {
              "client_id": "1073772316796-mnn9d0epkpfunm7rc5tp8gi21lr6si92.apps.googleusercontent.com",
              "client_type": 3
            }
          ]
        }
      }
    }
  ],
  "configuration_version": "1"
}